C,meme,SR,MBF,AES,mu,gens,k,depth,maxS,runs
50,false,0.0,0.37642634,0.0,25,100,2,0,0,100
50,false,0.0,0.24370113,0.0,25,100,4,0,0,100
50,false,0.0,0.19133028,0.0,25,100,6,0,0,100
50,false,0.0,0.16583411,0.0,25,100,8,0,0,100
50,false,0.0,0.15287769,0.0,25,100,10,0,0,100
50,false,0.0,0.4095299,0.0,25,200,2,0,0,100
50,false,0.0,0.24847433,0.0,25,200,4,0,0,100
50,false,0.0,0.1924282,0.0,25,200,6,0,0,100
50,false,0.0,0.16650108,0.0,25,200,8,0,0,100
50,false,0.0,0.15333886,0.0,25,200,10,0,0,100
50,false,0.0,0.4115991,0.0,25,300,2,0,0,100
50,false,0.0,0.24696092,0.0,25,300,4,0,0,100
50,false,0.0,0.1919802,0.0,25,300,6,0,0,100
50,false,0.0,0.1673327,0.0,25,300,8,0,0,100
50,false,0.0,0.15299045,0.0,25,300,10,0,0,100
50,false,0.0,0.41327915,0.0,25,400,2,0,0,100
50,false,0.0,0.25283894,0.0,25,400,4,0,0,100
50,false,0.0,0.19157334,0.0,25,400,6,0,0,100
50,false,0.0,0.16572393,0.0,25,400,8,0,0,100
50,false,0.0,0.1524796,0.0,25,400,10,0,0,100
50,false,0.0,0.40574715,0.0,25,500,2,0,0,100
50,false,0.0,0.24698818,0.0,25,500,4,0,0,100
50,false,0.0,0.19427437,0.0,25,500,6,0,0,100
50,false,0.0,0.16566776,0.0,25,500,8,0,0,100
50,false,0.0,0.1526705,0.0,25,500,10,0,0,100
50,false,0.0,0.5665092,0.0,50,100,2,0,0,100
50,false,0.0,0.39402455,0.0,50,100,4,0,0,100
50,false,0.0,0.28683043,0.0,50,100,6,0,0,100
50,false,0.0,0.2323754,0.0,50,100,8,0,0,100
50,false,0.0,0.20032115,0.0,50,100,10,0,0,100
50,false,0.0,0.62378514,0.0,50,200,2,0,0,100
50,false,0.0,0.4264412,0.0,50,200,4,0,0,100
50,false,0.0,0.2998227,0.0,50,200,6,0,0,100
50,false,0.0,0.22930063,0.0,50,200,8,0,0,100
50,false,0.0,0.19821838,0.0,50,200,10,0,0,100
50,false,0.0,0.6362631,0.0,50,300,2,0,0,100
50,false,0.0,0.4334268,0.0,50,300,4,0,0,100
50,false,0.0,0.30278748,0.0,50,300,6,0,0,100
50,false,0.0,0.23231323,0.0,50,300,8,0,0,100
50,false,0.0,0.19734055,0.0,50,300,10,0,0,100
50,false,0.0,0.650509,0.0,50,400,2,0,0,100
50,false,0.0,0.4460021,0.0,50,400,4,0,0,100
50,false,0.0,0.30183965,0.0,50,400,6,0,0,100
50,false,0.0,0.22965166,0.0,50,400,8,0,0,100
50,false,0.0,0.19864184,0.0,50,400,10,0,0,100
50,false,0.0,0.64713895,0.0,50,500,2,0,0,100
50,false,0.0,0.45561564,0.0,50,500,4,0,0,100
50,false,0.0,0.30449885,0.0,50,500,6,0,0,100
50,false,0.0,0.23102684,0.0,50,500,8,0,0,100
50,false,0.0,0.19550768,0.0,50,500,10,0,0,100
50,false,0.0,0.6695765,0.0,75,100,2,0,0,100
50,false,0.0,0.50984967,0.0,75,100,4,0,0,100
50,false,0.0,0.38684854,0.0,75,100,6,0,0,100
50,false,0.0,0.30601957,0.0,75,100,8,0,0,100
50,false,0.0,0.25215796,0.0,75,100,10,0,0,100
50,false,1.0,0.7659261,13275.0,75,200,2,0,0,100
50,false,0.0,0.5819489,0.0,75,200,4,0,0,100
50,false,0.0,0.47633356,0.0,75,200,6,0,0,100
50,false,0.0,0.35207596,0.0,75,200,8,0,0,100
50,false,0.0,0.25873804,0.0,75,200,10,0,0,100
50,false,1.0,0.8013676,13275.0,75,300,2,0,0,100
50,false,0.0,0.613625,0.0,75,300,4,0,0,100
50,false,0.0,0.5100754,0.0,75,300,6,0,0,100
50,false,0.0,0.3808992,0.0,75,300,8,0,0,100
50,false,0.0,0.26205698,0.0,75,300,10,0,0,100
50,false,8.0,0.82028425,26015.625,75,400,2,0,0,100
50,false,0.0,0.6135932,0.0,75,400,4,0,0,100
50,false,0.0,0.5328705,0.0,75,400,6,0,0,100
50,false,0.0,0.39785945,0.0,75,400,8,0,0,100
50,false,0.0,0.26230636,0.0,75,400,10,0,0,100
50,false,11.0,0.8170019,28718.182,75,500,2,0,0,100
50,false,0.0,0.63133395,0.0,75,500,4,0,0,100
50,false,0.0,0.5360364,0.0,75,500,6,0,0,100
50,false,0.0,0.39409316,0.0,75,500,8,0,0,100
50,false,0.0,0.26488736,0.0,75,500,10,0,0,100
50,false,1.0,0.7647565,8500.0,100,100,2,0,0,100
50,false,0.0,0.6263682,0.0,100,100,4,0,0,100
50,false,0.0,0.5108197,0.0,100,100,6,0,0,100
50,false,0.0,0.3907348,0.0,100,100,8,0,0,100
50,false,0.0,0.32450575,0.0,100,100,10,0,0,100
50,false,34.0,0.90435696,15670.588,100,200,2,0,0,100
50,false,0.0,0.69414467,0.0,100,200,4,0,0,100
50,false,0.0,0.62220025,0.0,100,200,6,0,0,100
50,false,0.0,0.50629544,0.0,100,200,8,0,0,100
50,false,0.0,0.40256134,0.0,100,200,10,0,0,100
50,false,66.0,0.95462555,20100.0,100,300,2,0,0,100
50,false,0.0,0.73341346,0.0,100,300,4,0,0,100
50,false,0.0,0.659482,0.0,100,300,6,0,0,100
50,false,0.0,0.57991993,0.0,100,300,8,0,0,100
50,false,0.0,0.467436,0.0,100,300,10,0,0,100
50,false,79.0,0.9736812,22830.379,100,400,2,0,0,100
50,false,2.0,0.7422432,31350.0,100,400,4,0,0,100
50,false,1.0,0.6670625,36600.0,100,400,6,0,0,100
50,false,0.0,0.612435,0.0,100,400,8,0,0,100
50,false,0.0,0.5303049,0.0,100,400,10,0,0,100
50,false,84.0,0.9819024,24035.715,100,500,2,0,0,100
50,false,7.0,0.7641595,39357.145,100,500,4,0,0,100
50,false,1.0,0.686038,36600.0,100,500,6,0,0,100
50,false,0.0,0.6321965,0.0,100,500,8,0,0,100
50,false,0.0,0.542996,0.0,100,500,10,0,0,100
50,false,14.0,0.82126546,10794.643,125,100,2,0,0,100
50,false,0.0,0.68793964,0.0,125,100,4,0,0,100
50,false,0.0,0.5730388,0.0,125,100,6,0,0,100
50,false,0.0,0.52069294,0.0,125,100,8,0,0,100
50,false,0.0,0.41631976,0.0,125,100,10,0,0,100
50,false,78.0,0.98301077,16182.692,125,200,2,0,0,100
50,false,9.0,0.77642804,19972.223,125,200,4,0,0,100
50,false,1.0,0.6882962,21500.0,125,200,6,0,0,100
50,false,0.0,0.6555565,0.0,125,200,8,0,0,100
50,false,0.0,0.5954133,0.0,125,200,10,0,0,100
50,false,98.0,0.9983664,19223.215,125,300,2,0,0,100
50,false,22.0,0.82556134,26755.682,125,300,4,0,0,100
50,false,5.0,0.71338874,27600.0,125,300,6,0,0,100
50,false,1.0,0.7016297,33125.0,125,300,8,0,0,100
50,false,1.0,0.670491,29000.0,125,300,10,0,0,100
50,false,100.0,1.0,19675.0,125,400,2,0,0,100
50,false,31.0,0.87202877,31741.936,125,400,4,0,0,100
50,false,8.0,0.7478234,32921.875,125,400,6,0,0,100
50,false,3.0,0.74262303,39208.332,125,400,8,0,0,100
50,false,2.0,0.6951826,39312.5,125,400,10,0,0,100
50,false,100.0,1.0,19675.0,125,500,2,0,0,100
50,false,38.0,0.9019551,35661.184,125,500,4,0,0,100
50,false,12.0,0.7607698,40312.5,125,500,6,0,0,100
50,false,5.0,0.7563724,46125.0,125,500,8,0,0,100
50,false,5.0,0.73121333,50575.0,125,500,10,0,0,100
50,true,0.0,0.37642634,0.0,25,100,2,1,10,100
50,true,0.0,0.24370113,0.0,25,100,2,1,50,100
50,true,0.0,0.19133028,0.0,25,100,2,1,100,100
50,true,0.0,0.16583411,0.0,25,100,2,1,150,100
50,true,0.0,0.15287769,0.0,25,100,2,1,200,100
50,true,0.0,0.4095299,0.0,25,100,2,2,10,100
50,true,0.0,0.24847433,0.0,25,100,2,2,50,100
50,true,0.0,0.1924282,0.0,25,100,2,2,100,100
50,true,0.0,0.16650108,0.0,25,100,2,2,150,100
50,true,0.0,0.15333886,0.0,25,100,2,2,200,100
50,true,0.0,0.4115991,0.0,25,100,2,3,10,100
50,true,0.0,0.24696092,0.0,25,100,2,3,50,100
50,true,0.0,0.1919802,0.0,25,100,2,3,100,100
50,true,0.0,0.1673327,0.0,25,100,2,3,150,100
50,true,0.0,0.15299045,0.0,25,100,2,3,200,100
50,true,0.0,0.41327915,0.0,25,100,2,4,10,100
50,true,0.0,0.25283894,0.0,25,100,2,4,50,100
50,true,0.0,0.19157334,0.0,25,100,2,4,100,100
50,true,0.0,0.16572393,0.0,25,100,2,4,150,100
50,true,0.0,0.1524796,0.0,25,100,2,4,200,100
50,true,0.0,0.40574715,0.0,25,100,2,5,10,100
50,true,0.0,0.24698818,0.0,25,100,2,5,50,100
50,true,0.0,0.19427437,0.0,25,100,2,5,100,100
50,true,0.0,0.16566776,0.0,25,100,2,5,150,100
50,true,0.0,0.1526705,0.0,25,100,2,5,200,100
50,true,0.0,0.5665092,0.0,25,100,4,1,10,100
50,true,0.0,0.39402455,0.0,25,100,4,1,50,100
50,true,0.0,0.28683043,0.0,25,100,4,1,100,100
50,true,0.0,0.2323754,0.0,25,100,4,1,150,100
50,true,0.0,0.20032115,0.0,25,100,4,1,200,100
50,true,0.0,0.62378514,0.0,25,100,4,2,10,100
50,true,0.0,0.4264412,0.0,25,100,4,2,50,100
50,true,0.0,0.2998227,0.0,25,100,4,2,100,100
50,true,0.0,0.22930063,0.0,25,100,4,2,150,100
50,true,0.0,0.19821838,0.0,25,100,4,2,200,100
50,true,0.0,0.6362631,0.0,25,100,4,3,10,100
50,true,0.0,0.4334268,0.0,25,100,4,3,50,100
50,true,0.0,0.30278748,0.0,25,100,4,3,100,100
50,true,0.0,0.23231323,0.0,25,100,4,3,150,100
50,true,0.0,0.19734055,0.0,25,100,4,3,200,100
50,true,0.0,0.650509,0.0,25,100,4,4,10,100
50,true,0.0,0.4460021,0.0,25,100,4,4,50,100
50,true,0.0,0.30183965,0.0,25,100,4,4,100,100
50,true,0.0,0.22965166,0.0,25,100,4,4,150,100
50,true,0.0,0.19864184,0.0,25,100,4,4,200,100
50,true,0.0,0.64713895,0.0,25,100,4,5,10,100
50,true,0.0,0.45561564,0.0,25,100,4,5,50,100
50,true,0.0,0.30449885,0.0,25,100,4,5,100,100
50,true,0.0,0.23102684,0.0,25,100,4,5,150,100
50,true,0.0,0.19550768,0.0,25,100,4,5,200,100
50,true,0.0,0.6695765,0.0,25,100,6,1,10,100
50,true,0.0,0.50984967,0.0,25,100,6,1,50,100
50,true,0.0,0.38684854,0.0,25,100,6,1,100,100
50,true,0.0,0.30601957,0.0,25,100,6,1,150,100
50,true,0.0,0.25215796,0.0,25,100,6,1,200,100
50,true,1.0,0.7659261,13275.0,25,100,6,2,10,100
50,true,0.0,0.5819489,0.0,25,100,6,2,50,100
50,true,0.0,0.47633356,0.0,25,100,6,2,100,100
50,true,0.0,0.35207596,0.0,25,100,6,2,150,100
50,true,0.0,0.25873804,0.0,25,100,6,2,200,100
50,true,1.0,0.8013676,13275.0,25,100,6,3,10,100
50,true,0.0,0.613625,0.0,25,100,6,3,50,100
50,true,0.0,0.5100754,0.0,25,100,6,3,100,100
50,true,0.0,0.3808992,0.0,25,100,6,3,150,100
50,true,0.0,0.26205698,0.0,25,100,6,3,200,100
50,true,8.0,0.82028425,26015.625,25,100,6,4,10,100
50,true,0.0,0.6135932,0.0,25,100,6,4,50,100
50,true,0.0,0.5328705,0.0,25,100,6,4,100,100
50,true,0.0,0.39785945,0.0,25,100,6,4,150,100
50,true,0.0,0.26230636,0.0,25,100,6,4,200,100
50,true,11.0,0.8170019,28718.182,25,100,6,5,10,100
50,true,0.0,0.63133395,0.0,25,100,6,5,50,100
50,true,0.0,0.5360364,0.0,25,100,6,5,100,100
50,true,0.0,0.39409316,0.0,25,100,6,5,150,100
50,true,0.0,0.26488736,0.0,25,100,6,5,200,100
50,true,1.0,0.7647565,8500.0,25,100,8,1,10,100
50,true,0.0,0.6263682,0.0,25,100,8,1,50,100
50,true,0.0,0.5108197,0.0,25,100,8,1,100,100
50,true,0.0,0.3907348,0.0,25,100,8,1,150,100
50,true,0.0,0.32450575,0.0,25,100,8,1,200,100
50,true,34.0,0.90435696,15670.588,25,100,8,2,10,100
50,true,0.0,0.69414467,0.0,25,100,8,2,50,100
50,true,0.0,0.62220025,0.0,25,100,8,2,100,100
50,true,0.0,0.50629544,0.0,25,100,8,2,150,100
50,true,0.0,0.40256134,0.0,25,100,8,2,200,100
50,true,66.0,0.95462555,20100.0,25,100,8,3,10,100
50,true,0.0,0.73341346,0.0,25,100,8,3,50,100
50,true,0.0,0.659482,0.0,25,100,8,3,100,100
50,true,0.0,0.57991993,0.0,25,100,8,3,150,100
50,true,0.0,0.467436,0.0,25,100,8,3,200,100
50,true,79.0,0.9736812,22830.379,25,100,8,4,10,100
50,true,2.0,0.7422432,31350.0,25,100,8,4,50,100
50,true,1.0,0.6670625,36600.0,25,100,8,4,100,100
50,true,0.0,0.612435,0.0,25,100,8,4,150,100
50,true,0.0,0.5303049,0.0,25,100,8,4,200,100
50,true,84.0,0.9819024,24035.715,25,100,8,5,10,100
50,true,7.0,0.7641595,39357.145,25,100,8,5,50,100
50,true,1.0,0.686038,36600.0,25,100,8,5,100,100
50,true,0.0,0.6321965,0.0,25,100,8,5,150,100
50,true,0.0,0.542996,0.0,25,100,8,5,200,100
50,true,14.0,0.82126546,10794.643,25,100,10,1,10,100
50,true,0.0,0.68793964,0.0,25,100,10,1,50,100
50,true,0.0,0.5730388,0.0,25,100,10,1,100,100
50,true,0.0,0.52069294,0.0,25,100,10,1,150,100
50,true,0.0,0.41631976,0.0,25,100,10,1,200,100
50,true,78.0,0.98301077,16182.692,25,100,10,2,10,100
50,true,9.0,0.77642804,19972.223,25,100,10,2,50,100
50,true,1.0,0.6882962,21500.0,25,100,10,2,100,100
50,true,0.0,0.6555565,0.0,25,100,10,2,150,100
50,true,0.0,0.5954133,0.0,25,100,10,2,200,100
50,true,98.0,0.9983664,19223.215,25,100,10,3,10,100
50,true,22.0,0.82556134,26755.682,25,100,10,3,50,100
50,true,5.0,0.71338874,27600.0,25,100,10,3,100,100
50,true,1.0,0.7016297,33125.0,25,100,10,3,150,100
50,true,1.0,0.670491,29000.0,25,100,10,3,200,100
50,true,100.0,1.0,19675.0,25,100,10,4,10,100
50,true,31.0,0.87202877,31741.936,25,100,10,4,50,100
50,true,8.0,0.7478234,32921.875,25,100,10,4,100,100
50,true,3.0,0.74262303,39208.332,25,100,10,4,150,100
50,true,2.0,0.6951826,39312.5,25,100,10,4,200,100
50,true,100.0,1.0,19675.0,25,100,10,5,10,100
50,true,38.0,0.9019551,35661.184,25,100,10,5,50,100
50,true,12.0,0.7607698,40312.5,25,100,10,5,100,100
50,true,5.0,0.7563724,46125.0,25,100,10,5,150,100
50,true,5.0,0.73121333,50575.0,25,100,10,5,200,100
100,false,0.0,0.38440838,0.0,50,150,1,0,0,100
100,false,0.0,0.30441257,0.0,50,150,2,0,0,100
100,false,0.0,0.23886327,0.0,50,150,3,0,0,100
100,false,0.0,0.18995543,0.0,50,150,4,0,0,100
100,false,0.0,0.15933327,0.0,50,150,5,0,0,100
100,false,0.0,0.5038373,0.0,50,300,1,0,0,100
100,false,0.0,0.38000992,0.0,50,300,2,0,0,100
100,false,0.0,0.2832822,0.0,50,300,3,0,0,100
100,false,0.0,0.21745588,0.0,50,300,4,0,0,100
100,false,0.0,0.17195606,0.0,50,300,5,0,0,100
100,false,0.0,0.51468265,0.0,50,450,1,0,0,100
100,false,0.0,0.3918861,0.0,50,450,2,0,0,100
100,false,0.0,0.29036656,0.0,50,450,3,0,0,100
100,false,0.0,0.21912856,0.0,50,450,4,0,0,100
100,false,0.0,0.17183171,0.0,50,450,5,0,0,100
100,false,0.0,0.51784617,0.0,50,600,1,0,0,100
100,false,0.0,0.3937419,0.0,50,600,2,0,0,100
100,false,0.0,0.29810914,0.0,50,600,3,0,0,100
100,false,0.0,0.21887226,0.0,50,600,4,0,0,100
100,false,0.0,0.1701136,0.0,50,600,5,0,0,100
100,false,0.0,0.52256674,0.0,50,750,1,0,0,100
100,false,0.0,0.38921207,0.0,50,750,2,0,0,100
100,false,0.0,0.30323786,0.0,50,750,3,0,0,100
100,false,0.0,0.22489578,0.0,50,750,4,0,0,100
100,false,0.0,0.17071518,0.0,50,750,5,0,0,100
100,false,0.0,0.5150998,0.0,100,150,1,0,0,100
100,false,0.0,0.44461012,0.0,100,150,2,0,0,100
100,false,0.0,0.3666512,0.0,100,150,3,0,0,100
100,false,0.0,0.31610608,0.0,100,150,4,0,0,100
100,false,0.0,0.2660375,0.0,100,150,5,0,0,100
100,false,0.0,0.6537398,0.0,100,300,1,0,0,100
100,false,0.0,0.55748594,0.0,100,300,2,0,0,100
100,false,0.0,0.46525815,0.0,100,300,3,0,0,100
100,false,0.0,0.41725758,0.0,100,300,4,0,0,100
100,false,0.0,0.35193422,0.0,100,300,5,0,0,100
100,false,0.0,0.726222,0.0,100,450,1,0,0,100
100,false,0.0,0.5782278,0.0,100,450,2,0,0,100
100,false,0.0,0.4831833,0.0,100,450,3,0,0,100
100,false,0.0,0.43714616,0.0,100,450,4,0,0,100
100,false,0.0,0.38398823,0.0,100,450,5,0,0,100
100,false,0.0,0.7718119,0.0,100,600,1,0,0,100
100,false,0.0,0.5726381,0.0,100,600,2,0,0,100
100,false,0.0,0.48696345,0.0,100,600,3,0,0,100
100,false,0.0,0.4497686,0.0,100,600,4,0,0,100
100,false,0.0,0.39163628,0.0,100,600,5,0,0,100
100,false,0.0,0.78947794,0.0,100,750,1,0,0,100
100,false,0.0,0.57439274,0.0,100,750,2,0,0,100
100,false,0.0,0.48225918,0.0,100,750,3,0,0,100
100,false,0.0,0.4473187,0.0,100,750,4,0,0,100
100,false,0.0,0.39714155,0.0,100,750,5,0,0,100
100,false,0.0,0.61622363,0.0,150,150,1,0,0,100
100,false,0.0,0.55376446,0.0,150,150,2,0,0,100
100,false,0.0,0.47950348,0.0,150,150,3,0,0,100
100,false,0.0,0.41241208,0.0,150,150,4,0,0,100
100,false,0.0,0.35273248,0.0,150,150,5,0,0,100
100,false,0.0,0.8368346,0.0,150,300,1,0,0,100
100,false,0.0,0.6839534,0.0,150,300,2,0,0,100
100,false,0.0,0.616775,0.0,150,300,3,0,0,100
100,false,0.0,0.5430521,0.0,150,300,4,0,0,100
100,false,0.0,0.47566402,0.0,150,300,5,0,0,100
100,false,12.0,0.9053633,57075.0,150,450,1,0,0,100
100,false,0.0,0.7137156,0.0,150,450,2,0,0,100
100,false,0.0,0.63172257,0.0,150,450,3,0,0,100
100,false,0.0,0.5661221,0.0,150,450,4,0,0,100
100,false,0.0,0.5029034,0.0,150,450,5,0,0,100
100,false,23.0,0.92844266,67415.22,150,600,1,0,0,100
100,false,0.0,0.77161026,0.0,150,600,2,0,0,100
100,false,0.0,0.63238347,0.0,150,600,3,0,0,100
100,false,0.0,0.57447195,0.0,150,600,4,0,0,100
100,false,0.0,0.51260215,0.0,150,600,5,0,0,100
100,false,25.0,0.9246066,70254.0,150,750,1,0,0,100
100,false,0.0,0.79886216,0.0,150,750,2,0,0,100
100,false,0.0,0.6354188,0.0,150,750,3,0,0,100
100,false,0.0,0.57130694,0.0,150,750,4,0,0,100
100,false,0.0,0.5127062,0.0,150,750,5,0,0,100
100,false,0.0,0.66380394,0.0,200,150,1,0,0,100
100,false,0.0,0.58776236,0.0,200,150,2,0,0,100
100,false,0.0,0.564865,0.0,200,150,3,0,0,100
100,false,0.0,0.49914527,0.0,200,150,4,0,0,100
100,false,0.0,0.43937853,0.0,200,150,5,0,0,100
100,false,30.0,0.9305941,50253.332,200,300,1,0,0,100
100,false,1.0,0.71572113,47200.0,200,300,2,0,0,100
100,false,0.0,0.70071334,0.0,200,300,3,0,0,100
100,false,0.0,0.6543361,0.0,200,300,4,0,0,100
100,false,0.0,0.5954233,0.0,200,300,5,0,0,100
100,false,67.0,0.98136055,62026.867,200,450,1,0,0,100
100,false,3.0,0.86576813,74266.664,200,450,2,0,0,100
100,false,1.0,0.7095625,61800.0,200,450,3,0,0,100
100,false,0.0,0.663704,0.0,200,450,4,0,0,100
100,false,0.0,0.61233974,0.0,200,450,5,0,0,100
100,false,85.0,0.9922403,70894.12,200,600,1,0,0,100
100,false,4.0,0.8969879,79400.0,200,600,2,0,0,100
100,false,1.0,0.7290479,61800.0,200,600,3,0,0,100
100,false,0.0,0.676988,0.0,200,600,4,0,0,100
100,false,0.0,0.61432993,0.0,200,600,5,0,0,100
100,false,97.0,0.9986928,78206.19,200,750,1,0,0,100
100,false,8.0,0.90335023,109425.0,200,750,2,0,0,100
100,false,1.0,0.7399386,61800.0,200,750,3,0,0,100
100,false,0.0,0.6741997,0.0,200,750,4,0,0,100
100,false,0.0,0.62246346,0.0,200,750,5,0,0,100
100,false,0.0,0.68344814,0.0,250,150,1,0,0,100
100,false,0.0,0.6498639,0.0,250,150,2,0,0,100
100,false,0.0,0.61087716,0.0,250,150,3,0,0,100
100,false,0.0,0.53829443,0.0,250,150,4,0,0,100
100,false,0.0,0.50431967,0.0,250,150,5,0,0,100
100,false,80.0,0.9712073,58928.125,250,300,1,0,0,100
100,false,17.0,0.87429756,65088.234,250,300,2,0,0,100
100,false,1.0,0.72289824,64250.0,250,300,3,0,0,100
100,false,1.0,0.63506085,66500.0,250,300,4,0,0,100
100,false,0.0,0.6419829,0.0,250,300,5,0,0,100
100,false,100.0,1.0,64765.0,250,450,1,0,0,100
100,false,46.0,0.9603635,83331.52,250,450,2,0,0,100
100,false,5.0,0.7804112,88700.0,250,450,3,0,0,100
100,false,2.0,0.64665306,80125.0,250,450,4,0,0,100
100,false,0.0,0.6540544,0.0,250,450,5,0,0,100
100,false,100.0,1.0,64765.0,250,600,1,0,0,100
100,false,64.0,0.9784592,95964.84,250,600,2,0,0,100
100,false,12.0,0.8528072,114979.164,250,600,3,0,0,100
100,false,2.0,0.66481256,80125.0,250,600,4,0,0,100
100,false,0.0,0.6578641,0.0,250,600,5,0,0,100
100,false,100.0,1.0,64765.0,250,750,1,0,0,100
100,false,82.0,0.98925686,111442.07,250,750,2,0,0,100
100,false,17.0,0.88599795,127852.94,250,750,3,0,0,100
100,false,3.0,0.67948747,115333.336,250,750,4,0,0,100
100,false,0.0,0.66447496,0.0,250,750,5,0,0,100
100,true,0.0,0.38440838,0.0,50,150,1,1,10,100
100,true,0.0,0.30441257,0.0,50,150,1,1,50,100
100,true,0.0,0.23886327,0.0,50,150,1,1,100,100
100,true,0.0,0.18995543,0.0,50,150,1,1,150,100
100,true,0.0,0.15933327,0.0,50,150,1,1,200,100
100,true,0.0,0.5038373,0.0,50,150,1,2,10,100
100,true,0.0,0.38000992,0.0,50,150,1,2,50,100
100,true,0.0,0.2832822,0.0,50,150,1,2,100,100
100,true,0.0,0.21745588,0.0,50,150,1,2,150,100
100,true,0.0,0.17195606,0.0,50,150,1,2,200,100
100,true,0.0,0.51468265,0.0,50,150,1,3,10,100
100,true,0.0,0.3918861,0.0,50,150,1,3,50,100
100,true,0.0,0.29036656,0.0,50,150,1,3,100,100
100,true,0.0,0.21912856,0.0,50,150,1,3,150,100
100,true,0.0,0.17183171,0.0,50,150,1,3,200,100
100,true,0.0,0.51784617,0.0,50,150,1,4,10,100
100,true,0.0,0.3937419,0.0,50,150,1,4,50,100
100,true,0.0,0.29810914,0.0,50,150,1,4,100,100
100,true,0.0,0.21887226,0.0,50,150,1,4,150,100
100,true,0.0,0.1701136,0.0,50,150,1,4,200,100
100,true,0.0,0.52256674,0.0,50,150,1,5,10,100
100,true,0.0,0.38921207,0.0,50,150,1,5,50,100
100,true,0.0,0.30323786,0.0,50,150,1,5,100,100
100,true,0.0,0.22489578,0.0,50,150,1,5,150,100
100,true,0.0,0.17071518,0.0,50,150,1,5,200,100
100,true,0.0,0.5150998,0.0,50,150,2,1,10,100
100,true,0.0,0.44461012,0.0,50,150,2,1,50,100
100,true,0.0,0.3666512,0.0,50,150,2,1,100,100
100,true,0.0,0.31610608,0.0,50,150,2,1,150,100
100,true,0.0,0.2660375,0.0,50,150,2,1,200,100
100,true,0.0,0.6537398,0.0,50,150,2,2,10,100
100,true,0.0,0.55748594,0.0,50,150,2,2,50,100
100,true,0.0,0.46525815,0.0,50,150,2,2,100,100
100,true,0.0,0.41725758,0.0,50,150,2,2,150,100
100,true,0.0,0.35193422,0.0,50,150,2,2,200,100
100,true,0.0,0.726222,0.0,50,150,2,3,10,100
100,true,0.0,0.5782278,0.0,50,150,2,3,50,100
100,true,0.0,0.4831833,0.0,50,150,2,3,100,100
100,true,0.0,0.43714616,0.0,50,150,2,3,150,100
100,true,0.0,0.38398823,0.0,50,150,2,3,200,100
100,true,0.0,0.7718119,0.0,50,150,2,4,10,100
100,true,0.0,0.5726381,0.0,50,150,2,4,50,100
100,true,0.0,0.48696345,0.0,50,150,2,4,100,100
100,true,0.0,0.4497686,0.0,50,150,2,4,150,100
100,true,0.0,0.39163628,0.0,50,150,2,4,200,100
100,true,0.0,0.78947794,0.0,50,150,2,5,10,100
100,true,0.0,0.57439274,0.0,50,150,2,5,50,100
100,true,0.0,0.48225918,0.0,50,150,2,5,100,100
100,true,0.0,0.4473187,0.0,50,150,2,5,150,100
100,true,0.0,0.39714155,0.0,50,150,2,5,200,100
100,true,0.0,0.61622363,0.0,50,150,3,1,10,100
100,true,0.0,0.55376446,0.0,50,150,3,1,50,100
100,true,0.0,0.47950348,0.0,50,150,3,1,100,100
100,true,0.0,0.41241208,0.0,50,150,3,1,150,100
100,true,0.0,0.35273248,0.0,50,150,3,1,200,100
100,true,0.0,0.8368346,0.0,50,150,3,2,10,100
100,true,0.0,0.6839534,0.0,50,150,3,2,50,100
100,true,0.0,0.616775,0.0,50,150,3,2,100,100
100,true,0.0,0.5430521,0.0,50,150,3,2,150,100
100,true,0.0,0.47566402,0.0,50,150,3,2,200,100
100,true,12.0,0.9053633,57075.0,50,150,3,3,10,100
100,true,0.0,0.7137156,0.0,50,150,3,3,50,100
100,true,0.0,0.63172257,0.0,50,150,3,3,100,100
100,true,0.0,0.5661221,0.0,50,150,3,3,150,100
100,true,0.0,0.5029034,0.0,50,150,3,3,200,100
100,true,23.0,0.92844266,67415.22,50,150,3,4,10,100
100,true,0.0,0.77161026,0.0,50,150,3,4,50,100
100,true,0.0,0.63238347,0.0,50,150,3,4,100,100
100,true,0.0,0.57447195,0.0,50,150,3,4,150,100
100,true,0.0,0.51260215,0.0,50,150,3,4,200,100
100,true,25.0,0.9246066,70254.0,50,150,3,5,10,100
100,true,0.0,0.79886216,0.0,50,150,3,5,50,100
100,true,0.0,0.6354188,0.0,50,150,3,5,100,100
100,true,0.0,0.57130694,0.0,50,150,3,5,150,100
100,true,0.0,0.5127062,0.0,50,150,3,5,200,100
100,true,0.0,0.66380394,0.0,50,150,4,1,10,100
100,true,0.0,0.58776236,0.0,50,150,4,1,50,100
100,true,0.0,0.564865,0.0,50,150,4,1,100,100
100,true,0.0,0.49914527,0.0,50,150,4,1,150,100
100,true,0.0,0.43937853,0.0,50,150,4,1,200,100
100,true,30.0,0.9305941,50253.332,50,150,4,2,10,100
100,true,1.0,0.71572113,47200.0,50,150,4,2,50,100
100,true,0.0,0.70071334,0.0,50,150,4,2,100,100
100,true,0.0,0.6543361,0.0,50,150,4,2,150,100
100,true,0.0,0.5954233,0.0,50,150,4,2,200,100
100,true,67.0,0.98136055,62026.867,50,150,4,3,10,100
100,true,3.0,0.86576813,74266.664,50,150,4,3,50,100
100,true,1.0,0.7095625,61800.0,50,150,4,3,100,100
100,true,0.0,0.663704,0.0,50,150,4,3,150,100
100,true,0.0,0.61233974,0.0,50,150,4,3,200,100
100,true,85.0,0.9922403,70894.12,50,150,4,4,10,100
100,true,4.0,0.8969879,79400.0,50,150,4,4,50,100
100,true,1.0,0.7290479,61800.0,50,150,4,4,100,100
100,true,0.0,0.676988,0.0,50,150,4,4,150,100
100,true,0.0,0.61432993,0.0,50,150,4,4,200,100
100,true,97.0,0.9986928,78206.19,50,150,4,5,10,100
100,true,8.0,0.90335023,109425.0,50,150,4,5,50,100
100,true,1.0,0.7399386,61800.0,50,150,4,5,100,100
100,true,0.0,0.6741997,0.0,50,150,4,5,150,100
100,true,0.0,0.62246346,0.0,50,150,4,5,200,100
100,true,0.0,0.68344814,0.0,50,150,5,1,10,100
100,true,0.0,0.6498639,0.0,50,150,5,1,50,100
100,true,0.0,0.61087716,0.0,50,150,5,1,100,100
100,true,0.0,0.53829443,0.0,50,150,5,1,150,100
100,true,0.0,0.50431967,0.0,50,150,5,1,200,100
100,true,80.0,0.9712073,58928.125,50,150,5,2,10,100
100,true,17.0,0.87429756,65088.234,50,150,5,2,50,100
100,true,1.0,0.72289824,64250.0,50,150,5,2,100,100
100,true,1.0,0.63506085,66500.0,50,150,5,2,150,100
100,true,0.0,0.6419829,0.0,50,150,5,2,200,100
100,true,100.0,1.0,64765.0,50,150,5,3,10,100
100,true,46.0,0.9603635,83331.52,50,150,5,3,50,100
100,true,5.0,0.7804112,88700.0,50,150,5,3,100,100
100,true,2.0,0.64665306,80125.0,50,150,5,3,150,100
100,true,0.0,0.6540544,0.0,50,150,5,3,200,100
100,true,100.0,1.0,64765.0,50,150,5,4,10,100
100,true,64.0,0.9784592,95964.84,50,150,5,4,50,100
100,true,12.0,0.8528072,114979.164,50,150,5,4,100,100
100,true,2.0,0.66481256,80125.0,50,150,5,4,150,100
100,true,0.0,0.6578641,0.0,50,150,5,4,200,100
100,true,100.0,1.0,64765.0,50,150,5,5,10,100
100,true,82.0,0.98925686,111442.07,50,150,5,5,50,100
100,true,17.0,0.88599795,127852.94,50,150,5,5,100,100
100,true,3.0,0.67948747,115333.336,50,150,5,5,150,100
100,true,0.0,0.66447496,0.0,50,150,5,5,200,100
